Time (MJD),B,U,UVM2,UVW1,UVW2,V
1.0094499999977415,14.096814803418967,12.945537902206084,11.462118424661496,12.004473612352745,11.945882015346253,12.310803744306337
3.755233333322394,14.57043744531807,13.35268249869955,11.867740236411834,12.4073261618197,12.34708063638308,12.672724802575306
4.360016666665615,14.62897278065665,13.394927677091514,11.909843388699002,12.448525939467746,12.38805531765646,12.711899215720091
5.691783333328203,14.783005322022483,13.51639776272847,12.03103571824274,12.567960826417693,12.507056833509527,12.831893262386213
9.24113333333662,14.991376398358502,13.86744590445024,12.384087878293148,12.932723601681754,12.875479214017517,13.136735927671317
12.25564999999915,15.207746437158255,14.108470821372098,12.62531045144453,13.175223874702684,13.118223424660808,13.347356771056656
17.28058333334775,15.58351645860486,14.497724240092317,13.013921423141955,13.563053984869512,13.505363239648814,13.648334896744462
