Time (MJD),B,Berr,U,Uerr,UVM2,UVM2err,UVW1,UVW1err,UVW2,UVW2err,V,Verr
53556.77875,14.725,0.055,13.588,0.047,14.878,0.084,14.284,0.06,15.025,0.079,14.67,0.069
53559.52453333332,14.756,0.056,14.094,0.052,16.522,0.161,15.446,0.095,16.487,0.166,14.564,0.067
53560.129316666666,14.768,0.057,14.304,0.056,16.914,0.22,15.766,0.112,16.745,0.197,14.576,0.071
53561.46108333333,14.831,0.058,14.665,0.065,17.247,0.283,16.208,0.141,17.347,0.294,14.678,0.074
53565.01043333334,15.177,0.066,15.393,0.09,,,16.881,0.202,17.685,0.367,14.72,0.072
53568.02495,15.484,0.078,15.889,0.112,,,17.202,0.262,18.028,0.489,14.791,0.076
53573.04988333335,15.608,0.083,16.218,0.131,17.928,0.474,17.781,0.404,,,14.848,0.077
