Time (MJD),UVW2,UVW2err,UVM2,UVM2err,UVW1,UVW1err,U,Uerr,B,Berr,V,Verr
53556.77875,8.751,0.639,6.15,0.474,18.29,1.019,79.616,3.427,56.762,2.890,19.412,1.232
53559.52453333334,2.275,0.347,1.353,0.201,6.276,0.549,49.931,2.398,55.146,2.837,21.395,1.327
53560.129316666666,1.795,0.326,0.943,0.191,4.673,0.484,41.151,2.139,54.573,2.844,21.162,1.392
53561.461083333335,1.031,0.279,0.694,0.180,3.11,0.404,29.505,1.768,51.475,2.773,19.268,1.312
53565.01043333332,0.755,0.255,0.31,0.152,1.674,0.311,15.1,1.250,37.419,2.261,18.527,1.230
53568.02494999999,0.55,0.248,0.142,0.149,1.245,0.300,9.556,0.985,28.199,2.017,17.362,1.214
