Time (MJD),B,U,UVM2,UVW1,UVW2,V
1.0094499999977415,100.29379819004083,143.8085936230757,144.26222632017942,149.35183230377226,150.53836465965594,168.9190002096765
3.755233333322394,66.12696386632976,108.22993340215908,108.67028380308545,113.36802897992669,114.46016016327715,131.2982271920181
4.360016666665615,62.93011765019702,104.58133087400118,105.01707689191359,109.64604990926394,110.72182643460154,127.16530501594164
5.691783333328203,54.975843148908076,94.23635279657009,94.64731378377974,98.97814154608434,99.98364144873099,114.67564242844442
9.24113333333662,44.938369080380276,73.51529769344884,73.81408488511384,77.00534460417322,77.7493089109595,91.76555186382464
12.25564999999915,37.48057053933211,59.04334172707634,59.268540550585016,61.70483434851751,62.275035651134004,75.33621903374384
17.28058333334775,33.94824502941128,53.197290745580766,53.39827893237594,55.57732954884962,56.08788985526184,68.41859772930837
